id,event_name,total_area,total_heat,total_pm25,total_pm10,total_pm,total_co,total_co2,total_ch4,total_nmhc,total_nox,total_nh3,total_so2,total_voc,total_bc,total_h2,total_nmoc,total_no,total_no2,total_oc,total_tpc,total_tpm
SF11E118984,,200.0,2685201282.796132,17.998502000000002,21.238217999999996,0,207.13127800000012,2551.6254039999994,10.177422000000007,0,3.0132439999999994,3.403206000000002,1.613786000000001,48.920878,0,0,0,0,0,0,0,0
