id,event_name,total_area,total_heat,total_pm25,total_pm10,total_pm,total_co,total_co2,total_ch4,total_nmhc,total_nox,total_nh3,total_so2,total_voc,total_bc,total_h2,total_nmoc,total_no,total_no2,total_oc,total_tpc,total_tpm
RXFires,,195.0,83842143.73011205,41.89707700000001,49.438484000000024,0,507.11128000000025,4653.452979000001,24.30867700000002,0,4.512583999999996,8.276173000000002,3.0748340000000005,118.97115100000002,0,0,0,0,0,0,0,0
Wildfires,,195.0,136029376.100738,64.87943600000003,76.5577779999999,0,778.1838880000003,7572.189888,37.467232,0,7.699733000000002,12.715199999999994,4.955323,182.78285900000023,0,0,0,0,0,0,0,0
