id,event_name,total_area,total_heat,total_pm25,total_pm10,total_pm,total_co,total_co2,total_ch4,total_nmhc,total_nox,total_nh3,total_so2,total_voc,total_bc,total_h2,total_nmoc,total_no,total_no2,total_oc,total_tpc,total_tpm
SF11E118984,,100.0,1139782673.0711098,4.992754000000001,5.891440000000001,0,53.73351200000001,899.820009,2.731011000000001,0,1.2092999999999994,0.89115,0.549395,12.810334999999993,0,0,0,0,0,0,0,0
